Timing of add() on BinarySearchSet,size (N),time (ns)
trial, 1024, 8015.176000
trial, 2048, 1888.269000
trial, 4096, 3938.758000
trial, 8192, 7605.566000
trial, 16384, 13598.564000
trial, 32768, 25677.207000
trial, 65536, 52742.731000
trial, 131072, 114337.993000
trial, 262144, 1040023.947000
trial, 524288, 2014352.909000
trial, 1048576, 4195968.532000
